SN,Name,Painting
1,Leonardo Da Vinci,Mona Lisa
2,Vincent Van Gogh,Starry-Night
3,Edvard Munch,The Scream
4,Pablo Picasso,Three Musicians
5,Jan Vermeer,The Girl with a Pearl Earring
6,Rembrandt Van Rijn,Night Watch
7,Gustav Klimt,The Kiss
8,Claude Monet,Water Lilies
9,Georges Pierre Seurat,A Sunday Afternoon on the Island of La Grande Jatte
10,Grant Wood,American Gothic
11,James Abbott Mcneill Whistler,Arrangement in Grey and Black. Portrait of the Painter's Mother
12,Vincent Van Gogh,Café Terrace at Night
13,Rene Magritte,The Son of Man
14,Pierre-Auguste Renoir,Dance at Moulin de la Galette
15,Edouard Manet,"Olympia, Musee d'Orsay, Paris"
16,Rene Magritte,Time transfixed
17,Pablo Picasso,Les Demoiselles d'Avignon
18,Francisco De Goya,Saturn Devouring His Son
19,Caspar David Friedrich,The Sea of Ice
20,Michelangelo Buonarroti,Creation of Adam
21,Vincent Van Gogh,Vincent's Bedroom in Arles
22,Vincent Van Gogh,The Night Cafe [1888]
23,Francisco De Goya,The Third of May 1808
24,Vincent Van Gogh,"Cafe Terrace on the Place du Forum, Arles, at Night, The"
25,Pierre-Auguste Renoir,The Great Bathers
26,Raphael (Raffaello Sanzio Da Urbino),The School of Athens
27,Henri Matisse,Harmony in Red
28,Rene Magritte,The Menaced Assassin
29,Joan Miro,"Ciphers and Constellations, in Love with a Woman"
30,Edvard Munch,Melancholy
31,Claude Monet,"Gare Saint Lazare, Pari"
32,Andrea Mantegna,The Lamentation over the Dead Christ
33,Max Beckmann,The Night
34,Caravaggio (Michelangelo Merisi),Narcissus
35,Diego Velazquez,Las Meninas
36,Vincent Van Gogh,Portrait of Dr. Gachet
37,Gustav Klimt,Portrait of Adele Bloch-Bauer I
38,Rose Maynard Barton,The Dream
39,Paul Gauguin,Nafeaffaa Ipolpo
40,Arshile Gorky,Waterfall
41,Paul Cezanne,The Card Players
42,Pablo Picasso,Women of Algiers
43,Jackson Pollock,"Number 1, 1949"
44,Vincent Van Gogh,The Sower
45,Paul Cezanne,the card players
46,Joan Miro,Joan Miró- Catalan Landscape
47,Giuseppe Arcimboldo,Vortumnus
48,Pablo Picasso,Portrait of Ambroise Vollard
49,Pablo Picasso,Guernica
50,Albrecht Durer,Portrait of a Young Venetian Woman
51,Emile Nolde,The Mocking of Christ
52,Suzanne Valadon,The Blue Room
53,Vincent Van Gogh,Self Portrait
54,Gustave Caillebotte,Man at the Window
55,Pablo Picasso,A boy with pipe
56,Rene Magritte,The seductive
57,Salvador Dali,Premonition of Civil War
58,Rene Magritte,The meaning of night
59,Pablo Picasso,Portrait of Daniel-Henry Kahnweiler
60,Vincent Van Gogh,Haystacks in Provence
61,Wassily Kandinsky,Composition VII
62,Jean-Joseph Constant (Benjamin-Constant),The Throne Room In Byzantium
63,August Macke,Woman in a Green Jacket
64,Wassily Kandinsky,Improvisation. Gorge
65,Albrecht Durer,Young Hare
66,Edouard Manet,A Bar at the Folies-Bergere
67,Georges Braque,Mandola
68,Vincent Van Gogh,Portrait of Patience Escalier
69,Pieter Bruegel The Younger,The Battle between Lent and Carnival
70,Jean Antoine Watteau,Gilles
71,Henri Julien Félix Rousseau (Le Douanier),Sleeping Gypsy
72,Vincent Van Gogh,The Potato Eaters
73,Jean Frederic Bazille,Bathers
74,Lucian Freud,Reflection with Two Children
75,Pavel Filonov,Peasant Family
76,Claude Monet,"Grainstack in the Morning, Snow Effect"
77,Pablo Picasso,Portrait of Maya with her doll
78,Robert Delaunay,The City of Paris
79,Vincent Van Gogh,Skull with Burning Cigarette
80,Sandro Botticelli,The Birth of Venus
81,Matthias Grünewald,The Mocking of Christ
82,Vincent Van Gogh,"The Street, the Yellow House"
83,Edvard Munch,Near the bed of death
84,Gustave Caillebotte,"Paris street, Rainy Day"
85,Vincent Van Gogh,Young Man with Cornflower
86,Marc Chagall,I and the Village
87,Ernst Ludwig Kirchner,Five Bathing Women at a Lake
88,Georgios Jakobides,First Steps
89,Rene Magritte,False Mirror
90,Salvador Dali,Cubist Self-portrait
91,Jan Vermeer,The Astronomer
92,Marcel Duchamp,"Nude Descending a Staircase, No.2"
93,Albrecht Durer,Christ Among the Doctors
94,Frida Kahlo,Self-Portrait with Monkeys
95,Gustav Klimt,"Bildnis Fritza Riedler, 1906 - Österreichische Galerie, Vienna"
96,Caravaggio (Michelangelo Merisi),The Musicians
97,Leonardo Da Vinci,Lady with an Ermine
98,Arshile Gorky,The Liver is the Cock's Comb
99,Vincent Van Gogh,Self Portrait with Bandaged Ear and Pipe
100,August Macke,Landscape with Cows and Camel
101,Giuseppe Arcimboldo,Floral Still LIfe
102,Paul Delvaux,The Sleeping Venus
103,Egon Schiele,The Self-Seers II
104,Rene Magritte,The Human Condition
105,Emile Nolde,Flower Garden
106,Oskar Kokoschka,Self-portrait of a 'Degenerate Artist'
107,Bernardo Bellotto,The Ruins of the Old Kreuzkirche in Dresden
108,Frida Kahlo,Frida y Diego Rivera
109,Max Beckmann,Great Scene of Agony
110,Amedeo Modigliani,Reclining Nude with Blue Cushion
111,Salvador Dali,Crucifixion
112,Pierre-Auguste Renoir,After the Bath
113,Albert Bierstadt,Rocky Mountains
114,Vincent Van Gogh,Seascape at Saintes-Maries
115,Gustav Klimt,The Tree of Life
116,Joan Miro,Still Life with Old Shoe
117,Paul Delvaux,Night Train
118,Vincent Van Gogh,The Sower
119,Umberto Boccioni,Modern Idol
120,Albert-Charles Lebourg (Albert-Marie Lebourg),"The Quays of Dieppe, after the Rain"
121,Raphael (Raffaello Sanzio Da Urbino),Portrait of Bindo Altoviti
122,Joan Miro,Dutch Interior I
123,Pablo Picasso,Two women running on the beach
124,Wassily Kandinsky,View of Murnau with train and castel
125,Edgar Degas,The Dance Class
126,Edward Hopper,Sunday
127,Edgar Degas,The Dance Class
128,Edgar Degas,The Dance Class
129,Giovanni Antonio Canal (Canaletto),
130,Albert-Charles Lebourg (Albert-Marie Lebourg),
131,Ernst Ludwig Kirchner,Self-Portrait with a Model
132,Denis Maurice,THREE MUSES
133,Giorgio De Chirico,The Child's Brain
134,Pablo Picasso,Sabartes
135,Edvard Munch,Christmas in the Brothel
136,Claude Monet,The Walk. Lady with a Parasol
137,Giuseppe Arcimboldo,Summer 1
138,Jean Frederic Bazille,Family Reunion
139,Vincent Van Gogh,A Pair of Shoes
140,Otto Dix,Portrait of the Journalist Sylvia Von Harden
141,Albrecht Durer,The Martyrdom of the Ten Thousand
142,Joan Miro,Siesta
143,Claude Monet,The Thames below Westminster
144,Camille Pissarro,"Autumn, Poplars"
145,Giorgio De Chirico,The Prodigal Son
146,Henri Matisse,Dance
147,Edvard Munch,Jealousy
148,William Holman Hunt,The Hireling Shepherd
149,Henri Matisse,"Luxe, Calme, et Volupté"
150,Claude Monet,Clifftop Walk at Pourville
151,William Merritt Chase,Idle Hours
152,Sandro Botticelli,Madonna and Child with an Angel
153,Mary Stevenson Cassatt,The Boating Party
154,Frederick Childe Hassam,Sunset at Sea
155,Edvard Munch,The Dance of Life
156,Jan Vermeer,The Art of Painting
157,Pablo Picasso,Guitar player
158,Fernand Leger,Three Women
159,Vincent Van Gogh,Irises [1889]
160,Wassily Kandinsky,Composition IX
161,Vincent Van Gogh,Irises [1890]
162,Paul Cezanne,The Large Bathers
163,Agnolo Bronzino,"Venus, Cupid and Time"
164,Gustave Caillebotte,Pink Villas at Trouville
165,Vincent Van Gogh,Almond Tree in Blossom
166,Paul Signac,The Pine Tree at St. Tropez
167,Franz Marc,The Large Blue Horses
168,Caspar David Friedrich,Man and Woman Contemplating the Moon
169,Georges Braque,Harbor in Normandy
170,August Macke,Bathing girls with town in the backgraund
171,Edouard Manet,Nana
172,Albrecht Durer,Christ as the Man of Sorrows
173,Pierre-Auguste Renoir,La Grenouillere
174,Edvard Munch,Kiss
175,Pablo Picasso,Mother and child
176,Edvard Munch,Madonna
177,Gustav Klimt,Danae
178,Claude Monet,The River
179,William Turner,"Show Storm - Seam-Boat off a Harbour's Mouth Making Signals in Shallow Water, and Going by the Lead. The Author was in this Storm on the Night the Ariel Left Harwich"
180,Jean-François Millet,The Angelus
181,Vincent Van Gogh,Flowering Garden
182,Raphael (Raffaello Sanzio Da Urbino),
183,Juan Gris,Portrait of Madame Josette Gris
184,Caspar David Friedrich,Chalk Cliffs on Rügen
185,Franz Marc,Tyrol
186,Sandro Botticelli,Primavera
187,Jan Vermeer,A Lady Drinking and a Gentleman and The Glass of Wine
188,Salvador Dali,"The Endless Enigma, 1938"
189,Caspar David Friedrich,The Abbey in the Oakwood
190,Rene Magritte,Personal values
191,Ernst Ludwig Kirchner,The Red Tower at Halle
192,Giorgio De Chirico,Hector and Andromache
193,Henri Matisse,Blue Nude III
194,Rene Magritte,The companions of fear
195,Albrecht Durer,Self-portrait at 22
196,Mary Stevenson Cassatt,Little Girl in a Blue Armchair
197,Claude Monet,Poplars at Giverny
198,Leonardo Da Vinci,Head of a Tousled Young Woman
199,Umberto Boccioni,Three Women
200,Vincent Van Gogh,Self Portrait with a Grey Felt Hat
201,Max Ernst,Europe after the Rain II
202,Gustav Klimt,Death and Life
203,Caspar David Friedrich,Winter Landscape
204,Pablo Picasso,Harlequin and his family
205,Edouard Manet,Luncheon on the Grass
206,Vincent Van Gogh,Irises
207,Claude Monet,"Rouen Cathedral, Symphony in Grey and Rose"
208,Joan Miro,Painting
209,Pierre-Auguste Renoir,Girls at the Piano
210,Claude Monet,le bassin aux nympheas - reflets verts
211,Vincent Van Gogh,Portrait of the Postman Joseph Roulin
212,Edward Hopper,Office at Night
213,Juan Gris,Pears and grapes on a table
214,Vincent Van Gogh,Willows at Sunset
215,Edouard Manet,"Rue Mosnier with Flags, J. Paul Getty Museum, Ma"
216,Jan Vermeer,The Milkmaid
217,Caravaggio (Michelangelo Merisi),
218,Vincent Van Gogh,The Church at Auvers
219,Vincent Van Gogh,Daubigny's Garden
220,Max Liebermann,Free hour at Amsterdam orphanage
221,Vincent Van Gogh,Rosebush i Blossom
222,Ernst Ludwig Kirchner,Women in the street
223,Vincent Van Gogh,Trees and Undergrowth 2
224,Max Beckmann,The Iron Bridge
225,Pablo Picasso,La Vie
226,Caspar David Friedrich,Dolmen in the Snow
227,Juan Gris,Still Life before an Open Window aka Place Ravignan
228,John Singer Sargent,Claude Monet Painting by the Edge of a Wood
229,Claude Monet,Bathers at La Grenouillere
230,Rene Magritte,The false mirror
231,Claude Monet,The Road Bridge at Argenteuil
232,Oskar Kokoschka,Dolomite Landscape
233,Vincent Van Gogh,First Steps
234,John Singer Sargent,"Carnation, Lily, Lily, Rose"
235,Vincent Van Gogh,The Courtyard of the Hospital at Arles
236,Henri Matisse,Portrait of Mme. Matisse
237,Giuseppe Arcimboldo,Air
238,Caravaggio (Michelangelo Merisi),
239,Raphael (Raffaello Sanzio Da Urbino),
240,Edward Hopper,Summertime
241,Paul Gauguin,Yellow Christ
242,Paul Signac,Breakfast
243,Ernst Ludwig Kirchner,Street Scene in Berlin
244,Umberto Boccioni,The City Rises
245,Giuseppe Arcimboldo,Autumn
246,Alfred Sisley,The Saint Martin Canal in Paris
247,Henri Matisse,Landscape viewed from a Window
248,Claude Monet,Boulevard of Capucines
249,Vincent Van Gogh,Lane with poplars near Nuenen
250,Ernst Ludwig Kirchner,The Drinker
251,Fernand Leger,Nudes in the Forest
252,Edward Hopper,Sunlight in a Cafeteria
253,Mary Stevenson Cassatt,The Loge
254,Matthias Grünewald,Benefactor with Bird Cage
255,José Villegas Cordero,Women In The Garden
256,Salvador Dali,The Ship
257,Camille Pissarro,"Vegetable Garden and Trees in Blossom, Spring, Pontoise"
258,Vincent Van Gogh,Still Life: Vase with Fourteen Sunflowers
259,Claude Monet,The Studio Boat
260,Domenico Campagnola,Massacre of the Innocents
261,Caravaggio (Michelangelo Merisi),
262,Mary Stevenson Cassatt,Lady at the Tea Table
263,Rene Magritte,The Big Family
264,Vincent Van Gogh,Orchard in Blossom with View of Arles
265,Yves Tanguy,The Ribbon of Excess
266,Claude Monet,Camille Monet On Her Deathbed
267,Pablo Picasso,The aficionado
268,Pablo Picasso,Saltimbanques
269,Vincent Van Gogh,Still Life with Bible
270,Vincent Van Gogh,Twelve Sunflowers in a Vase
271,Vincent Van Gogh,Le Moulin de la Galette
272,Balthus (Balthasar Klossowski),
273,Paul Cezanne,Basket of Apples
274,Paul Gauguin,The Loss of Virginity
275,Edward Hopper,People in the Sun
276,Pablo Picasso,Celestina
277,Vincent Van Gogh,Old Man in Sorrow
278,El Greco (Doménikos Theotokopoulos),
279,Diego Velazquez,The Surrender of Breda
280,Caravaggio (Michelangelo Merisi),
281,Vincent Van Gogh,Peach Trees in Blossom
282,Max Beckmann,Columbine
283,Vincent Van Gogh,The Langlois Bridge at Arles
284,Camille Pissarro,"Red Roofs, Corner of a Village, Winter"
285,Salvador Dali,The Enigma of Hitler
286,John Everett Millais,Autumn Leaves
287,Paul Signac,Boulevard de Clichy 1886
288,Georgia Totto O'keeffe,Light of Iris
289,Giorgio De Chirico,The Great Metaphysician
290,Arnold Bocklin,La Guerre
291,Jan Vermeer,Girl Reading a Letter at an Open Window
292,Henri Matisse,Basket with Oranges
293,Claude Monet,"The Pont de l'Europe, Gare Saint-Lazare"
294,Joan Miro,Seated Woman II
295,Alfred Sisley,Lane near a Small Town
296,Salvador Dali,"The Enigma of Desire, My Mother, 1929"
297,Ernst Ludwig Kirchner,Portrait of Hans Frisch
298,Georges Braque,Woman Reading
299,John Constable,The Hay Wain
300,Sandro Botticelli,Venus and Mars
301,Robert Delaunay,Eiffel Tower
302,Paul Cezanne,Mont Sainte-Victoire Seen from the Bibemus Quarry
303,Gustav Klimt,Portrait of Adele Bloch-Bauer II
304,Paul Cezanne,"Curtain, Jug and Fruit"
305,Vincent Van Gogh,Street in Saintes-Maries
306,Henri Emilien Rousseau,A Carnival Evening
307,Edgar Degas,The Absinthe Drinker
308,Vincent Van Gogh,Starry Night
309,Paolo Veronese,Lucretia
310,Joan Miro,Self-Portrait
311,Edouard Manet,Music in the Tuileries Garden
312,Caravaggio (Michelangelo Merisi),
313,Claude Monet,Monet's Garden at Vetheuil
314,Giorgio De Chirico,The Uncertainty of the Poet
315,Vincent Van Gogh,Starry Night Over the Rhone
316,Rene Magritte,The Magician
317,Joan Miro,Standing Nude
318,Henri Matisse,Goldfish
319,Bernardo Strozzi,Sleeping Child
320,Claude Monet,Cart on the Snow Covered Road with Saint-Simeon Farm
321,Vincent Van Gogh,The Starry Night
322,Frida Kahlo,My Dress Hangs There
323,Vincent Van Gogh,Olive Trees with Yellow Sky and Sun
324,Pierre-Auguste Renoir,The Luncheon of the Boating Party
325,Vincent Van Gogh,Apricot Trees in Blossom 2
326,Vincent Van Gogh,The Starry Night
327,Vincent Van Gogh,Branches with Almond Blossom [February 1
328,Wassily Kandinsky,Composition VIII
329,Wassily Kandinsky,"Yellow, Red, Blue"
330,Vincent Van Gogh,Starry Night Over the Rhone
331,Leonardo Da Vinci,Annunciation
332,Edgar Degas,Dancers in Pink
333,Vincent Van Gogh,The Starry Night
334,Paul Cezanne,The Large Bather
335,Rembrandt Van Rijn,History Painting
336,John Singleton Copley,Watson and the Shark
337,Pierre-Auguste Renoir,A Road in Louveciennes
338,Vincent Van Gogh,"Mulberry Tree, The"
339,Gustave Courbet,The origin of the world
340,Claude Monet,The Boulevard des Capucines
341,Gerard David,The Marriage at Cana
342,John Singer Sargent,A Dinner Table at Night
343,John William Waterhouse,Ariadne
344,Vincent Van Gogh,A Group of Cottages
345,Pierre-Auguste Renoir,A Box in the Theater des Varietes
346,Winslow Homer,"Fishing Boats, Key West"
347,Vincent Van Gogh,Fishing boats on the Beach at Les Saintes-Maries-de-la-Mer
348,Eugène Delacroix,Arab Horses Fighting in a Stable
349,John William Waterhouse,Echo and Narcissus
350,Gustave Caillebotte,The Floor Scrapers
351,John William Waterhouse,Hylas and the nymphs
352,Edgar Degas,The Tub 1
353,John William Waterhouse,The Lady of Shalott
354,Claude Monet,Woman with a Parasol in the Garden in Argenteuil
355,Pierre-Auguste Renoir,The Sunny Street
356,Raphael (Raffaello Sanzio Da Urbino),
357,Albert Bierstadt,Rustic Mill
358,John Singer Sargent,Boat in the Waters off Capri
359,George Stubbs,Lion Attacking a Horse
360,Wassily Kandinsky,All Saints day I
361,Vincent Van Gogh,Wheatfield with Crows
362,Francisco De Goya,Saturn Devouring His Son
363,Tiziano Vecellio (Titian),
364,Tiziano Vecellio (Titian),
365,Salvador Dali,"Tuna Fishing, 1967"
366,Andy Warhol,"Marilyn, leo castelli gallery, new york"
367,Francis Bacon,Three Studies for a Portrait of John Edwards
368,Jan Matejko,Bathory at Pskov
369,Benjamin West,The Death of General Wolfe
370,Claude Monet,poplars
371,William Adolphe Bouguereau,The wave
372,Pieter Bruegel The Elder,Christ Carrying the Cross
373,John Singer Sargent,A Backwater at Calcot Near Reading
374,Alexandre Cabanel,Fallen Angel
375,John William Waterhouse,Tale from the Decameron
376,Camille Pissarro,Apple Picking at Eragny-sur-Epte
377,John Singer Sargent,El Jaleo
378,Claude Monet,Irises in Monet's Garden
379,Berthe Morisot,A Corner of the Rose Garden
380,Vincent Van Gogh,Roses and Beetle
381,Jean-Baptiste Simeon Chardin,Basket of Peaches
382,John William Waterhouse,The lady of shalott study
383,Claude Monet,"Red Boats, Argenteuil, 1875"
384,Pierre-Auguste Renoir,Two Sisters
385,Claude Monet,Pathway in Monet's Garden at Giverny
386,Ivan Ivanovich Shishkin,Morning in a Pine Forest
387,John William Waterhouse,Ophelia 1
388,Wassily Kandinsky,Arabs I
389,Pierre-Auguste Renoir,Luncheon of the Boating Party
390,Albert-Charles Lebourg (Albert-Marie Lebourg),
391,Pierre-Auguste Renoir,Girl with a Hoop
392,Pierre-Auguste Renoir,The luncheon of the boating party
393,Lawrence Alma-Tadema,A Kiss
394,Paul Cezanne,The Large Bathers
395,William Merritt Chase,A Study in Curves
396,Edward Hopper,Cape Cod Morning
397,Albert Bierstadt,"Among the Sierra Nevada Mountains, California"
398,Vincent Van Gogh,Crab on Its Back
399,Paul Cezanne,The Large Bathers
400,Jean Léon Gérôme,"Public Prayer in the Mosque of Amr, Cairo"
401,Thomas Cole,Expulsion. Moon and Firelight
402,Edwin Lord Weeks,An Indian Hunting Party
403,Pierre-Auguste Renoir,The Luncheon of the Boating Party
404,Vincent Van Gogh,Bowl with Peonies and Roses
405,Claude Monet,The Japanese Bridge
406,Gustav Klimt,Water Serpents II
407,Jan Matejko,Battle of Grunwald
408,Edouard Manet,Olympia
409,Gustave Courbet,Woman with a Parrot
410,Vincent Van Gogh,Noon Rest from Work after Millet
411,Pierre-Auguste Renoir,Children by the Sea in Guernsey
412,Edgar Degas,Dancer with a bouquet of flowers
413,William Adolphe Bouguereau,Biblis
414,Nicolas Poussin,A Roman Road
415,Pierre-Auguste Renoir,The Umbrellas
416,Gustav Klimt,Farm Garden with Crucifix
417,Alfred Sisley,Bridge at Villeneuve la Garenne - -
418,Claude Monet,"Impression, Sunrise"
419,Claude Monet,"The Water Lily Pond, Pink Harmony"
420,Peter Paul Rubens,The Lion Hunt
421,John William Waterhouse,Penelope and the Suitors
422,Claude Monet,Rouen Cathedral
423,Claude Monet,"Grainstacks in the Sunlight, Midday"
424,Annibale Carracci,The Choice of Heracles
425,John Atkinson Grimshaw,Liverpool from Wapping
426,Albert Bierstadt,"Staubbach Falls, Near Lauterbrunnen, Switzerland"
427,Vincent Van Gogh,Farmhouse in Provence
428,Mel Ramos,Manet's olympia
429,John William Waterhouse,Flora and the Zephyrs
430,Barnett Newman,Black Fire I
431,Edouard Manet,Spring
432,Wassily Kandinsky,Interior
433,Pablo Picasso,At the ''Lapin Agile''
434,Mark Rothko (Marcus Rothkowitz),
435,Jean-François Millet,Man With A Hoe
436,Berthe Morisot,The Cradle
437,Claude Monet,Fisherman's Cottage at Varengeville
438,Winslow Homer,The Veteran in a New Field
439,Hans Memling,Scenes from the Passion of Christ
440,Lawrence Alma-Tadema,Ask Me No More
441,Edouard Manet,"Boating, Metropolitan Museum of Art, New York"
442,Frans Snyders,Grapes in a basket and roses in a vase
443,Gustav Klimt,Music I
444,Winslow Homer,The Life Line
445,John Singer Sargent,Capri
446,George Stubbs,A Bay Hunter With Two Spaniels
447,Winslow Homer,The Gulf Stream
448,Edouard Manet,"The absinthe drinker, ny carlsberg glyptotek, co"
449,Pieter De Hooch,Woman Reading a Letter
450,Edouard Manet,The Absinthe Drinker
451,Alfred Sisley,The Seine at Point du Jour
452,John Henry Twachtman,Landscape 3
453,Pierre-Auguste Renoir,The Fisherman
454,Albert Bierstadt,Forest Sunrise
455,Alfred Sisley,Moret-sur-Loing
456,Claude Monet,"Wild Poppies, near Argenteuil"
457,Jean Léon Gérôme,Harem Women Feeding Pigeons in a Courtyard
458,Roy Lichtenstein,Whaam!
459,Claude Monet,Track Coming out of Saint-Lazare Station
460,Claude Monet,Water Lilies
461,Wassily Kandinsky,Glass Painting with the Sun
462,Winslow Homer,"A Wall, Nassau"
463,Claude Monet,Exterior View of the Saint-Lazare Station
464,Franz Marc,Grazing Horses IV
465,Claude Monet,Arrival at Saint-Lazare Station
466,John Singer Sargent,Street in Venice
467,Alfred Sisley,"Foggy Morning, Voisins"
468,Andy Warhol,Campbell'S Soup Can
469,Joan Miro,Harlequin's Carnival
470,Vincent Van Gogh,Memory of the Garden at Etten
471,Edvard Munch,The Day After
472,Salvador Dali,Autumn Cannibalism
473,Berthe Morisot,A Woman at her Toilette
474,Claude Monet,"Sunrise, The Sea"
475,Georges Pierre Seurat,Bathers at Asnières
476,Giuseppe Arcimboldo,The Librarian
477,Paul Gauguin,D'où venons nous Que sommes-nous Où allons-nous
478,Albert Edelfelt,The Artist's Son Erik in his Pram
479,Paul Gauguin,D'où venons nous Que sommes-nous Où allons-nous
480,Rene Magritte,Pleasure
481,Paul Gauguin,D'où venons nous Que sommes-nous Où allons-nous
482,Joan Miro,The Birth of the World
483,Albrecht Altdorfer,The Battle of Alexander at Issus
484,Paul Gauguin,Where do we come from what are we where are we going
485,Paul Gauguin,Where Do We Come From. What Are We. Where Are We Going.
486,Salvador Dali,"Sleep, 1937"
487,Rene Magritte,The Blank Check
488,George Grosz,Cain or Hitler in Hell
489,George Grosz,The Eclipse of the Sun
490,Wassily Kandinsky,Gabriele Münter painting in Kallmunz
491,Fernand Leger,The Great Parade
492,Jacopo Carucci (Pontormo),
493,Frederic Edwin Church,Twilight in the Wilderness
494,George Grosz,The City
495,Edgar Degas,"Miss Lola, au Cirque Fernando, NG L"
496,George Grosz,The Pillars of Society
497,George Grosz,The Pit
498,Ernst Ludwig Kirchner,The Judgement of Paris
499,Claude Monet,Water Lilies
500,George Grosz,The Agitator
501,Tom Wesselmann,Still life no. 20
502,Peder Severin Kroyer,Tarde de verano en Skagen
503,Thomas Hart Benton,City Building
504,Albrecht Durer,The Altarpiece of the Rose Garlands
505,Lovis Corinth (Franz Heinrich Louis),
506,Claude Monet,Water Lily Pond
507,Claude Monet,The Rocks near Pourville at Ebb Tide
508,Peder Severin Kroyer,Summer Day at the South Beach of Skagen
509,Claude Monet,The Harbour at Argenteuil
510,Edgar Degas,Dancers at the Barre 1
511,Philip Leslie Hale,The Crimson Rambler
512,Camille Pissarro,"The House of Monsieur Musy, Route de Marly, Louveciennes"
513,Alfred Sisley,Road to Louveciennes
514,Claude Monet,Madame Monet in Japanese Costume
515,Yves Tanguy,Multiplicatiion of the Arcs
516,Camille Pissarro,"Sunset, Rouen"
517,Nicolas Poussin,The Poet's Inspiration
518,Pieter Bruegel The Elder,The Hunters in the Snow
519,Vincent Van Gogh,Vincent's Bedroom in Arles
520,William Merritt Chase,A Friendly Call
521,Winslow Homer,"Long Branch, New Jersey"
522,John Singer Sargent,Cashmere
523,Thomas Cole,View of Florence from San Miniato
524,Pierre-Auguste Renoir,Cagnes Landscape with Woman and Child
525,William Merritt Chase,"Terrace at the Mall, Central Park"
526,Franz Xaver Winterhalter,Florinda
527,Theodore Clement Steele,Beech Trees
528,El Greco (Doménikos Theotokopoulos),
529,Vincent Van Gogh,Green Wheat Field with Cypress
530,Albert Bierstadt,Deer in a Clearing
531,Willard Leroy Metcalf,Gloucester Harbor
532,Gustav Klimt,"The Tree of Life, Stoclet Frieze"
533,Charles François Daubigny,Harvest
534,John Atkinson Grimshaw,Endymion on Mount Latmus
535,Frederick Childe Hassam,The Avenue in the Rain
536,Edgar Degas,The Cafe Concert
537,Thomas Cole,Study for Dream of Arcadia
538,Albert Ernest Carrier Belleuse,The Ballet Class
539,Edward Hopper,Rooms for Tourists
540,Alfred Sisley,Sunset at Port Marly
541,Ivan Aivazovsky,The Ninth Wave
542,Giovanni Battista Tiepolo,Neptune Offering Gifts to Venice
543,Theodore Clement Steele,Pleasant Run
544,Giovanni Bellini,Madonna of the Meadow
545,Gustave Caillebotte,The Floor Scrapers
546,Giorgione (Giorgio Barbarelli Da Castelfranco),
547,Tamara De Lempicka,Adam and Eve
548,Gustave Caillebotte,"Paris street, Rainy Day"
549,Paul Delaroche (Hippolyte Delaroche),
550,Pierre-Auguste Renoir,A Bouquet of Roses
551,Jacob Jordaens,The Four Evangelists
552,Frida Kahlo,Tree of Hope
553,Jasper Johns,Flag
554,Jasper Johns,False Start
555,Mark Rothko (Marcus Rothkowitz),
556,Francis Bacon,"Three Studies of Lucian Freud, center"
557,Francis Bacon,"Three Studies of Lucian Freud, right"
558,Francis Bacon,"Three Studies of Lucian Freud, left"
559,Frida Kahlo,The Suicide of Dorothy Hale
560,Gustav Klimt,Allegory of 'Sculpture'
561,John William Waterhouse,At the Shrine
562,Lawrence Alma-Tadema,A Coign of Vantage
563,Raphael (Raffaello Sanzio Da Urbino),
564,Gustav Klimt,"Birch Forest, 1903 - Vienna, Osterreichische Museum für Angewandte Kunst"
565,Vincent Van Gogh,Peach Tree in Blossom
566,Georges Pierre Seurat,A Sunday Afternoon on the Island of La Grande Jatte
567,Peter Paul Rubens,The Drunken Hercules
568,Gustave Caillebotte,A Balcony in Paris
569,Amedeo Modigliani,Seated Nude on Divan
570,Vincent Van Gogh,Young Peasant Woman with Straw Hat Sitting in the Wheat
571,Gustav Klimt,Poppy Field
572,Hieronymus Bosch,Triptych of Garden of Earthly Delights
573,Sebastiano Ricci,Diana and Callisto
574,Pablo Picasso,Woman standing in a garden
575,Michelangelo Buonarroti,Last Judgment
576,Max Ernst,Of This Men Shall Know Nothing
577,Claude Monet,"Houses of Parliament, Westminster"
578,Salvador Dali,The Metamorphosis of Narcissus
579,Gustav Klimt,The Virgin
580,David Hockney,Pool 2 figures
581,Hieronymus Bosch,The Last Judgement
582,David Hockney,A bigger splash
583,Grant Wood,Sketch for house in American Gothic
584,Robert Rauschenberg,Estate
585,Edouard Manet,"Isabelle Lemonier, Woman with golden hairpin"
586,Claude Monet,Blue Water Lilies
587,Leonardo Da Vinci,The Last Supper
588,Leonardo Da Vinci,The Last Supper
589,Vincent Van Gogh,"Portrait of Dr. Gachet, Private"
590,Peter Max,Flag
591,Jasper Johns,False start
592,Paolo Uccello,The battle of San Romano
593,Raphael (Raffaello Sanzio Da Urbino),
594,Roy Lichtenstein,Artist's studio - The dance
595,Salvador Dali,Crucifixion
596,Pieter Bruegel The Elder,The Triumph of Death
597,Roy Lichtenstein,Artist's studio - The dance
598,Sandro Botticelli,The Birth Of Venus
599,Ilya Yefimovich Repin,The Reply of the Zaporozhian Cossacks to Sultan Mahmoud IV.
600,Giotto Di Bondone,Last Judgment
601,Pierre-Auguste Renoir,Two Sisters
602,Gustave Caillebotte,LES RABOTEURS DE PARQUET
603,Georges Pierre Seurat,Circus Sideshow
604,Pierre-Auguste Renoir,Two Sisters
605,Max Ernst,The Entire City
606,Jan Van Eyck,Madonna in the Church
607,Roy Lichtenstein,Torpedo los
608,Jackson Pollock,"Autumn Rhythm. Number 30, 1950"
609,Raphael (Raffaello Sanzio Da Urbino),
610,Pierre-Auguste Renoir,Two Sisters 1
611,Vincent Van Gogh,"The potato eaters, Vincent van Gog"
612,Pieter Bruegel The Younger,Netherlandish Proverbs
613,El Greco (Doménikos Theotokopoulos),
614,Salvador Dali,"The Burning Giraffe, 1937"
615,Rembrandt Van Rijn,The Feast of Belshazzar
616,Rene Magritte,The Empire of Light
617,Vincent Van Gogh,Cypresses
618,Peter Paul Rubens,St. Augustine
619,Tiziano Vecellio (Titian),
620,Jan Van Eyck,Portrait of Giovanni Arnolfini and his Wife
621,Jan Van Eyck,Portrait of Giovanni Arnolfini and his Wife
622,Francisco De Goya,Witches' sabbath
623,Roy Lichtenstein,Mr. Bellamy
624,Diego Velazquez,Las Meninas
625,Andy Warhol,Campbell'S Soup Can
626,Gustave Caillebotte,The Floor Scrapers
627,Leonardo Da Vinci,The Virgin and Child with St Anne
628,Rogier Van Der Weyden,Deposition
629,Caravaggio (Michelangelo Merisi),
630,Rembrandt Van Rijn,The Anatomy Lecture of Dr. Nicolaes Tulp [1632]
631,Claude Monet,Woman in a Garden
632,Andy Warhol,Campbell'S Soup Can
633,Anthony Van Dyck,Rinaldo and Armida
634,Pierre-Auguste Renoir,Woman with a Parasol
635,Henri Julien Félix Rousseau (Le Douanier),
636,Pierre-Auguste Renoir,Umbrellas
637,Francisco De Goya,Asmodea
638,El Greco (Doménikos Theotokopoulos),
639,Roy Lichtenstein,Takka Takka
640,Giorgio De Chirico,Great metaphysical interior
641,Rene Magritte,The human condition
642,Pieter Bruegel The Elder,The Tower of Babel
643,Roy Lichtenstein,Look Mickey
644,Rene Magritte,The Castle of the Pyrenees
645,Jean-François Millet,Harvesters Resting
646,Edvard Munch,The Scream
647,Paolo Veronese,The Marriage at Cana
648,Diego Velazquez,The Fable of Arachne
649,Rembrandt Van Rijn,The jewish bride
650,Fernand Edmond Jean Marie Khnopff,The Caress
651,Pieter Bruegel The Younger,The Massacre of the Innocents
652,Pieter Bruegel The Elder,The Numbering at Bethlehem
653,Peter Paul Rubens,The Feast of Venus d
654,Roy Lichtenstein,We rose up slowly
655,Peter Paul Rubens,Miracle of St. Ignatius of Loyola
656,Geertgen Tot Sint Jans,John the Baptist in the Wilderness
657,Gustav Klimt,Judith
658,Gustav Klimt,the apple tree
659,Katsushika Hokusai,"Fuji, Mountains in clear Weather"
660,Paolo Uccello,The battle of san romano - the counter-attack by mich
661,Paolo Uccello,St. George and the Dragon
662,Gustav Klimt,Avenue of Schloss Kammer Park
663,Egon Schiele,Death and the Maiden
664,Egon Schiele,Mother with Two Children
665,Roy Lichtenstein,Roto Broil
666,Frida Kahlo,"The Love Embrace of the Universe, The earth"
667,Roy Lichtenstein,Roto Broil
668,Egon Schiele,The Family
669,Andy Warhol,Big electric chair
670,Pieter Bruegel The Elder,The Sermon of St. John the Baptist
671,Hans Holbein The Younger,Portrait of Nikolaus Kratzer
672,Hans Holbein The Younger,The Body of the Dead Christ in the Tomb
673,Hans Holbein The Younger,Portrait of the Merchant Georg Gisze
674,Hans Holbein The Younger,Darmstadt Madonna
675,Thomas Eakins,The Gross Clinic
676,Peter Paul Rubens,The Landing of Marie de Medici at Marseilles
677,Pablo Picasso,Femme assise aux bras croises
678,Pablo Picasso,Acrobat and young harlequin
679,Salvador Dali,"The Apotheosis of Homer, 1944-45"
680,Salvador Dali,Dalí soft construction with boiled beans - premonition of civ
681,Nicolas Poussin,The Adoration of the Golden Calf
682,Henri Matisse,Blue Nude
683,Piero Della Francesca,"Left - Portrait of Battista Sforza, Duc"
684,Roy Lichtenstein,In the car
685,Peter Paul Rubens,Mercury and Argus
686,Piero Della Francesca,Madonna and Child with Saints
687,William Turner,The Burning of the Houses of Parliament
688,Paul Cezanne,The bay from l'estaque
689,Paul Cezanne,Chateau Noir
690,Paul Cezanne,Large Bathers
691,Max Ernst,Célèbes or Elephant Célèbes
692,Edgar Degas,Woman washing in the bath
693,Roy Lichtenstein,Varoom
694,Peter Paul Rubens,Two Satyrs
695,Roy Lichtenstein,Girl with ball
696,Hieronymus Bosch,Triptych of Temptation of St Anthony
697,Roy Lichtenstein,Girl with ball
698,Edouard Manet,Berthe Morisot with a bouquet of violets
699,Peter Paul Rubens,The Last Judgement
700,Peter Paul Rubens,The Battle of the Amazons
701,Jan Van Eyck,The Ghent Altarpiece
702,Jan Van Eyck,Madonna and Child with Canon Joris van der Paele
703,Hieronymus Bosch,The Ship of Fools
704,Vincent Van Gogh,Cypress against a Starry Sky
705,Raphael (Raffaello Sanzio Da Urbino),
706,Franz Marc,Tiger
707,Leonardo Da Vinci,Virgin of the Rocks - London
708,Leonardo Da Vinci,The Virgin and Child with Saint Anne
709,Henri Emilien Rousseau,War or the Ride of Discord
710,Marc Chagall,The Fall of Icarus
711,Marc Chagall,The Falling Angel
712,Roy Lichtenstein,M-Maybe
713,Paul Gauguin,Mahana no atua
714,Raphael (Raffaello Sanzio Da Urbino),
715,Luca Signorelli,Portrait of an Elderly Man
716,Marc Chagall,"I and the Village, Moma NY"
717,Hans Memling,The last judgement triptych
718,Hans Memling,Scenes from the life of Mary
719,Peter Paul Rubens,Ildefonso Altar
720,Pieter Bruegel The Elder,Haymaking
721,Gustave Courbet,The Hunt Breakfast
722,Richard Hamilton,Glorious Techniculture
723,Parmigianino,Self-Portrait in a Convex Mirror
724,Gentile Bellini,Miracle of the Cross at the Bridge of S. Lorenzo
725,Pieter Bruegel The Elder,Children's Games
726,Peter Paul Rubens,Stormy Landscape
727,Vincent Van Gogh,Green Wheat Field with Cypress. Saint-Rémy
728,Lucas Cranach The Elder,Stag Hunt of Elector Friedrich III the Wise
729,Tintoretto (Jacopo Comin),
730,Tintoretto (Jacopo Comin),
731,Tintoretto (Jacopo Comin),
732,Tintoretto (Jacopo Comin),
733,Roy Lichtenstein,Brattata
734,Roy Lichtenstein,Brattata
735,John Singer Sargent,Las Meninas
736,Richard Lindner,The Meeting
737,Tintoretto (Jacopo Comin),
738,Tintoretto (Jacopo Comin),
739,Sandro Botticelli,The Virgin and Child with Four Angels and Six Saints
740,Rosso Fiorentino,"Moses and Jethro's daughters, -"
741,Jan Brueghel The Elder,The Triumph of Death
742,Sandro Botticelli,Sadro adoration of the magi
743,Sandro Botticelli,Calumny of Apelles
744,Andy Warhol,Marilyn Diptych
745,Sandro Botticelli,Mystic Nativity
746,Sandro Botticelli,Last Miracle and the Death of St. Zenobius
747,Roy Lichtenstein,Hopeless
748,Sandro Botticelli,Madonna of the Rosengarden
749,Georges De La Tour,The Fortune-Teller
750,Richard Hamilton,"Just what is it that makes today’s homes so different, so appealing."
751,Jasper Johns,White Flag
752,Roy Lichtenstein,Blam
753,Claude Monet,Boating on the River Epte
754,Fernand Leger,The wedding
755,Peter Paul Rubens,Susanna Fourment
756,Henri Julien Félix Rousseau (Le Douanier),
757,Albert Dürer Lucas,Self portrait detail face
758,Gustav Klimt,Hope II
759,Edvard Munch,Ashes
760,Kazimir Severinovich Malevich,An Englishman in Moscow
761,Peter Blake,On the Balcony
762,Max Ernst,Napoleón en el desierto
763,Tom Wesselmann,Still life
764,Edward Ruscha,Standard station
765,James Rosenquist,President elect
766,Andy Warhol,Campbell's soup cans
767,Francis Bacon,Dog
768,Francis Bacon,Three Studies for Figures at the Base of a Crucifixion
769,Francis Bacon,"painting, 1946"
770,Francis Bacon,"study after velazquez's portrait of pope innocent x, 1953"
771,Paul Cezanne,Bathers
772,Joan Miro,The Family
773,John Constable,Salisbury cathedral
774,Yves Tanguy,Indefinite divisibility
775,Yves Tanguy,Slowly Toward The North
776,Vincent Van Gogh,Les Alyscamps
777,Hendrick Avercamp,Winter Scene on a Canal
778,Jacopo Carucci (Pontormo),
779,Henri Matisse,L'Atelier rouge Huile sur Toile -
780,Henri Matisse,The Dance
781,Sebastiano Ricci,Bathsheba in her Bath
782,Roy Lichtenstein,Jet pilot
783,Mary Stevenson Cassatt,The boating party
784,Henri Matisse,The Joy of Life
785,Georges Braque,Violin and Palette
786,Joan Miro,The Tilled Field
787,Rembrandt Van Rijn,An Elderly Man as Saint Paul
788,Mary Stevenson Cassatt,the boating party
789,Duccio Di Buoninsegna,MaestÓ
790,Peter Paul Rubens,Prometheus Bound
791,Claude Monet,San Giorgio Maggiore at Dusk
792,Vincent Van Gogh,Still Life with Sunflowers
793,Salvador Dali,The Birth of Liquid Desires
794,Rene Magritte,The voice of space
795,Rene Magritte,Memory 1
796,Frank Weston Benson,Sunlight
797,Claes Oldenburg,Knifeship -
798,Jim Dine,Untitled
799,Claes Oldenburg,Store poster
800,Jim Dine,Braid
801,Jim Dine,The woodcut bathrobe
802,Jim Dine,palette II
803,Keith Haring,Montreux
804,Peter Phillips,Impeller
805,Peter Phillips,Spectrocoupling
806,Richard Hamilton,War games
807,Robert Indiana,The garden of love
808,Wayne Thiebaud,Pop art
809,Wayne Thiebaud,Watermelon large
810,Yoshitomo Nara,The longest night
811,Rene Magritte,Island of Treasures
812,Andy Warhol,Gold marilyn monroe
813,Roy Lichtenstein,Hey you -
814,Roy Lichtenstein,Untitled Roy Lichtenstein ^ Gian Franco Gorgoni
815,Roy Lichtenstein,Wham
816,Roy Lichtenstein,Drowning girl oversize -
817,Jacques Louis David,The Lictors Returning to Brutus the Bodies of his Sons
818,Rene Magritte,Where Euclide walked
819,James Abbott Mcneill Whistler,Nocturne in Black and Gold: The Falling Rocket
820,Claes Oldenburg,Split button
821,Max Ernst,The Robing of the Bride
822,Marc Chagall,The Soldier Drinks
823,Claude Monet,le bassin aux nympheas
824,Winslow Homer,The fox hunt pensylvania academy of the fine arts
825,Wassily Kandinsky,"Several Circles, Solomon R. G"
826,Henri Julien Félix Rousseau (Le Douanier),
827,Francisco Zurbaran,"Still Life with Lemons, Oranges and Rose"
828,Max Beckmann,The actors
829,Oskar Kokoschka,Bride of the Wind
830,Jan Vermeer,Allegory of Faith
831,Raphael (Raffaello Sanzio Da Urbino),
832,Roy Lichtenstein,Drowning girl
833,Salvador Dali,The Temptation Of Saint Anthony
834,Salvador Dali,The Sacrament of the Last Supper
835,Ernst Ludwig Kirchner,Five Women on the Street
836,Keith Haring,Untitled
837,Claes Oldenburg,Lipstick -
838,Jim Dine,Five Feet of Colorful Tools
839,Claes Oldenburg,Free
840,Peter Phillips,Custom Print No. II
841,Wayne Thiebaud,Fabs
842,Yoshitomo Nara,Tana
843,Yoshitomo Nara,The little star dweller
844,Salvador Dali,The Madonna of Port Lligat
845,Roy Lichtenstein,NUDE WITH BLUE HAIR
846,Lucas Cranach The Elder,Adam and Eve in the Garden of Eden
847,Salvador Dali,"'Morphological Echo', circa 1936"
848,Paul Klee,Ad Parnassum
849,Pierre-Auguste Renoir,Dance at Bougival
850,Paul Klee,Legend of the Nile
851,James Ensor,Entry of Christ Into Brussels
852,Pierre-Auguste Renoir,Dance at Bougival
853,Pierre-Auguste Renoir,Dance at Bougival
854,Tintoretto (Jacopo Comin),
855,Wilhelm Maria Hubertus Leibl,Three Women in Church
856,Pierre-Auguste Renoir,"Dance at Bougival, oil on canvas, Museum of Fin"
857,Pierre-Auguste Renoir,La promenade
858,Edouard Manet,The Execution of the Emperor Maximilian of Mexico
859,Benozzo Gozzoli,Procession of the Magus Melchoir
860,Hans Baldung,Death and the Maiden
861,Francisco De Goya,The Naked Maja
862,Jean-Baptiste Simeon Chardin,The Young Schoolmistress
863,Thomas Gainsborough,Mr and Mrs Andrews
864,Stuart Davis,Odol
865,Umberto Boccioni,The city rises
866,Kees Van Dongen (Cornelis Theodorus Maria Van Dongen),
867,Umberto Boccioni,The City Rises
868,William Mctaggart,Storm Cloud -
869,Piet Mondrian,Broadway Boogie Woogie
870,Andy Warhol,Red Race Riot
871,Andy Warhol,Triple Elvis
872,Honoré Daumier,Honoré Daumier Nous voulons Barabbas
873,Oskar Kokoschka,Bride of the Wind
874,Hugo Van Der Goes,The Adoration of the Kings
875,Charles Edward Conder,A Holiday at Mentone
876,Edgar Degas,Nurse
877,Roy Lichtenstein,Drowning girl
878,Paul Cezanne,Mont Sainte-Victoire
879,Edward Hopper,"Nighthawks, The Art Institute of Chicago, Chica"
880,Giuseppe Arcimboldo,The Fire
881,Francisco De Goya,The Colossus
882,Matthijs Naiveu,Carnival Scene
883,Philipp Otto Runge,The Hülsenbeck Children
884,Otto Dix,Flanders
885,Georges De La Tour,The Dream of St Joseph
886,Matthias Grünewald,The Crucifixion2
887,James Ensor,Self-Portrait with Masks
888,Giovanni Battista Tiepolo,Virtue and Nobility Putting Ignorance to Flight
889,George Stubbs,The Grosvenor Hunt
890,Martin Schongauer,Madonna of the Rose Bower
891,"Masaccio (Ser Giovanni, Mone Cassai)",
892,Piet Mondrian,Study for Blue Apple Tree Series
893,Diego Velazquez,Prince Balthasar Carlos
894,Hyacinthe Rigaud,Portrait of Louis XIV
895,Caravaggio (Michelangelo Merisi),
896,Antonio Allegri Da Correggio,Leda with the Swan
897,Marcel Duchamp,Sad young man in a train
898,Max Ernst,The Robing of the Bride
899,Henry Fuseli (Johann Heinrich Füssli),
900,Anthony Van Dyck,Samson and Delilah
901,Andrew Wyeth,Christina's World
902,Jan Vermeer,View of Delft
903,Joseph Wright Of Derby,An Experiment on a Bird in the Air Pump
904,Annibale Carracci,River Landscape
905,Alexej Georgewitsch Von Jawlensky,Mystical Head: Meditation
906,Giacomo Balla,Abstract Speed + Sound
907,Albrecht Durer,Portrait of a Young Venetian Woman
908,Govert Teunisz Flinck,Angels Announcing The Birth Of Christ To The Shepherds
909,Pieter Jansz Saenredam,The Interior of the Grote Kerk at Haarlem
910,El Greco (Doménikos Theotokopoulos),
911,Jean Antoine Watteau,Pilgrimage to Cythera
912,August Macke,The Hat Shop
913,Wilhelm Von Kaulbach,The Destruction of Jerusalem by Titus
914,Pierre Bonnard,Nude
915,Juan Gris,Breakfast
916,Sonia Delaunay (Sarah Ilinitchna Stern),
917,Thomas Eakins,Max Schmitt in a Single Scull
918,Stanley Spencer,"The Resurrection, Cookham"
919,Carl Spitzweg,The Poor Poet
920,Adolph Menzel,The Flute Concert at Sanssouci
921,Arshile Gorky,One Year the Milkweed
922,Frida Kahlo,Self-Portrait with Cropped Hair
923,Vittore Carpaccio,Christ with the Symbols of the Passion Surrounded by Angels
924,Camille Pissarro,Vegetable Garden at the Hermitage near Pontoise
925,Wilhelm Von Kobell,The Siege of Cosel
926,Mary Stevenson Cassatt,The Child's Bath 2
927,Henri De Toulouse Lautrec,at the moulin rouge
928,Paolo Veronese,The Wedding at Cana
929,Giorgione (Giorgio Barbarelli Da Castelfranco),
930,Matthias Grünewald,Meeting of St Erasm and St Maurice
931,Antonio Allegri Da Correggio,Jupiter and Io
932,Hubert Van Eyck,The Ghent Altarpiece - Exterior Of The Left And Right Shutters
933,Matthias Grünewald,The Isenheim Altarpiece
934,Vincent Van Gogh,Branches with Almond Blossom
935,Salvador Dali,The Phantom Cart
936,Georges Braque,The Musician
937,Jacob Isaakszoon Van Ruisdael (Ruysdael),
938,Georgia Totto O'keeffe,Blue wave maine
939,John Atkinson Grimshaw,Canny Glasgow
